budget_year;budget_version;budget_date;customer_name;bu_code;bu_currency;sales_amount_bu_currency
2023;BV1;31/01/2023;AllCustomers;KRBU;KRW;70374384979.5601
2023;BV1;28/02/2023;AllCustomers;KRBU;KRW;86105129857.3441
2023;BV1;31/03/2023;AllCustomers;KRBU;KRW;77825790447.9841
2023;BV1;30/04/2023;AllCustomers;KRBU;KRW;70374384979.5601
2023;BV1;31/05/2023;AllCustomers;KRBU;KRW;97696205030.4481
2023;BV1;30/06/2023;AllCustomers;KRBU;KRW;75341988625.1761
2023;BV1;31/07/2023;AllCustomers;KRBU;KRW;74514054684.2401
2023;BV1;31/08/2023;AllCustomers;KRBU;KRW;58783309806.4561
2023;BV1;30/09/2023;AllCustomers;KRBU;KRW;91072733502.9601
2023;BV1;31/10/2023;AllCustomers;KRBU;KRW;71202318920.4961
2023;BV1;30/11/2023;AllCustomers;KRBU;KRW;59611243747.3921
2023;BV1;31/12/2023;AllCustomers;KRBU;KRW;58783309806.4561
2023;BV1;31/01/2023;AllCustomers;HUBU;HUF;10096543486.3692
2023;BV1;28/02/2023;AllCustomers;HUBU;HUF;7979526303.7434
2023;BV1;31/03/2023;AllCustomers;HUBU;HUF;7653831352.5702
2023;BV1;30/04/2023;AllCustomers;HUBU;HUF;9608001059.6094
2023;BV1;31/05/2023;AllCustomers;HUBU;HUF;6106780334.4975
2023;BV1;30/06/2023;AllCustomers;HUBU;HUF;9038034895.0563
2023;BV1;31/07/2023;AllCustomers;HUBU;HUF;8956611157.263
2023;BV1;31/08/2023;AllCustomers;HUBU;HUF;7083865188.0171
2023;BV1;30/09/2023;AllCustomers;HUBU;HUF;9608001059.6094
2023;BV1;31/10/2023;AllCustomers;HUBU;HUF;6758170236.8439
2023;BV1;30/11/2023;AllCustomers;HUBU;HUF;9200882370.6429
2023;BV1;31/12/2023;AllCustomers;HUBU;HUF;9363729846.2295
2023;BV1;31/01/2023;AllCustomers;ISBU;ISK;3304711577.412
2023;BV1;28/02/2023;AllCustomers;ISBU;ISK;3115870915.8456
2023;BV1;31/03/2023;AllCustomers;ISBU;ISK;3273238133.8176
2023;BV1;30/04/2023;AllCustomers;ISBU;ISK;2517875487.552
2023;BV1;31/05/2023;AllCustomers;ISBU;ISK;2612295818.3352
2023;BV1;30/06/2023;AllCustomers;ISBU;ISK;3210291246.6288
2023;BV1;31/07/2023;AllCustomers;ISBU;ISK;3745339787.7336
2023;BV1;31/08/2023;AllCustomers;ISBU;ISK;3713866344.1392
2023;BV1;30/09/2023;AllCustomers;ISBU;ISK;2706716149.1184
2023;BV1;31/10/2023;AllCustomers;ISBU;ISK;3997127336.4888
2023;BV1;30/11/2023;AllCustomers;ISBU;ISK;3650919456.9504
2023;BV1;31/12/2023;AllCustomers;ISBU;ISK;3587972569.7616
2023;BV1;31/01/2023;AllCustomers;JPBU;JPY;2469809223.2
2023;BV1;28/02/2023;AllCustomers;JPBU;JPY;3031129501.2
2023;BV1;31/03/2023;AllCustomers;JPBU;JPY;2385611181.5
2023;BV1;30/04/2023;AllCustomers;JPBU;JPY;3255657612.4
2023;BV1;31/05/2023;AllCustomers;JPBU;JPY;3620515793.1
2023;BV1;30/06/2023;AllCustomers;JPBU;JPY;1992686986.9
2023;BV1;31/07/2023;AllCustomers;JPBU;JPY;2497875237.1
2023;BV1;31/08/2023;AllCustomers;JPBU;JPY;3508251737.5
2023;BV1;30/09/2023;AllCustomers;JPBU;JPY;2806601390.00
2023;BV1;31/10/2023;AllCustomers;JPBU;JPY;3536317751.4
2023;BV1;30/11/2023;AllCustomers;JPBU;JPY;2946931459.5
2023;BV1;31/12/2023;AllCustomers;JPBU;JPY;2946931459.5
2023;BV1;31/01/2023;AllCustomers;WFBU;XPF;2870103885.81
2023;BV1;28/02/2023;AllCustomers;WFBU;XPF;2050074204.15
2023;BV1;31/03/2023;AllCustomers;WFBU;XPF;2870103885.81
2023;BV1;30/04/2023;AllCustomers;WFBU;XPF;2405420399.536
2023;BV1;31/05/2023;AllCustomers;WFBU;XPF;2159411495.038
2023;BV1;30/06/2023;AllCustomers;WFBU;XPF;2815435240.366
2023;BV1;31/07/2023;AllCustomers;WFBU;XPF;3498793308.416
2023;BV1;31/08/2023;AllCustomers;WFBU;XPF;2760766594.922
2023;BV1;30/09/2023;AllCustomers;WFBU;XPF;2815435240.366
2023;BV1;31/10/2023;AllCustomers;WFBU;XPF;2897438208.532
2023;BV1;30/11/2023;AllCustomers;WFBU;XPF;2706097949.478
2023;BV1;31/12/2023;AllCustomers;WFBU;XPF;2815435240.366
2023;BV1;31/01/2023;AllCustomers;TWBU;TWD;629621826.795
2023;BV1;28/02/2023;AllCustomers;TWBU;TWD;804516778.6825
2023;BV1;31/03/2023;AllCustomers;TWBU;TWD;804516778.6825
2023;BV1;30/04/2023;AllCustomers;TWBU;TWD;853487365.211
2023;BV1;31/05/2023;AllCustomers;TWBU;TWD;615630230.644
2023;BV1;30/06/2023;AllCustomers;TWBU;TWD;762541990.2295
2023;BV1;31/07/2023;AllCustomers;TWBU;TWD;636617624.8705
2023;BV1;31/08/2023;AllCustomers;TWBU;TWD;727562999.852
2023;BV1;30/09/2023;AllCustomers;TWBU;TWD;818508374.8335
2023;BV1;31/10/2023;AllCustomers;TWBU;TWD;846491567.1355
2023;BV1;30/11/2023;AllCustomers;TWBU;TWD;559663846.04
2023;BV1;31/12/2023;AllCustomers;TWBU;TWD;762541990.2295
2023;BV1;31/01/2023;AllCustomers;CZBU;CZK;727201732.991999
2023;BV1;28/02/2023;AllCustomers;CZBU;CZK;477226137.275999
2023;BV1;31/03/2023;AllCustomers;CZBU;CZK;602213935.133999
2023;BV1;30/04/2023;AllCustomers;CZBU;CZK;659026570.523999
2023;BV1;31/05/2023;AllCustomers;CZBU;CZK;715839205.913999
2023;BV1;30/06/2023;AllCustomers;CZBU;CZK;738564260.069999
2023;BV1;31/07/2023;AllCustomers;CZBU;CZK;659026570.523999
2023;BV1;31/08/2023;AllCustomers;CZBU;CZK;693114151.757999
2023;BV1;30/09/2023;AllCustomers;CZBU;CZK;641982779.906999
2023;BV1;31/10/2023;AllCustomers;CZBU;CZK;710157942.374999
2023;BV1;30/11/2023;AllCustomers;CZBU;CZK;551082563.282999
2023;BV1;31/12/2023;AllCustomers;CZBU;CZK;477226137.275999
2023;BV1;31/01/2023;AllCustomers;SEBU;SEK;468645510.580201
2023;BV1;28/02/2023;AllCustomers;SEBU;SEK;559644638.848201
2023;BV1;31/03/2023;AllCustomers;SEBU;SEK;482295379.820401
2023;BV1;30/04/2023;AllCustomers;SEBU;SEK;564194595.261601
2023;BV1;31/05/2023;AllCustomers;SEBU;SEK;514145074.714201
2023;BV1;30/06/2023;AllCustomers;SEBU;SEK;459545597.753401
2023;BV1;31/07/2023;AllCustomers;SEBU;SEK;495945249.060601
2023;BV1;31/08/2023;AllCustomers;SEBU;SEK;436795815.686401
2023;BV1;30/09/2023;AllCustomers;SEBU;SEK;464095554.166801
2023;BV1;31/10/2023;AllCustomers;SEBU;SEK;327596861.764801
2023;BV1;30/11/2023;AllCustomers;SEBU;SEK;423145946.446201
2023;BV1;31/12/2023;AllCustomers;SEBU;SEK;527794943.954401
2023;BV1;31/01/2023;AllCustomers;NOBU;NOK;459252654.336
2023;BV1;28/02/2023;AllCustomers;NOBU;NOK;502991002.368
2023;BV1;31/03/2023;AllCustomers;NOBU;NOK;472374158.7456
2023;BV1;30/04/2023;AllCustomers;NOBU;NOK;371775958.272
2023;BV1;31/05/2023;AllCustomers;NOBU;NOK;358654453.8624
2023;BV1;30/06/2023;AllCustomers;NOBU;NOK;363028288.6656
2023;BV1;31/07/2023;AllCustomers;NOBU;NOK;419888141.1072
2023;BV1;31/08/2023;AllCustomers;NOBU;NOK;494243332.7616
2023;BV1;30/09/2023;AllCustomers;NOBU;NOK;520486341.5808
2023;BV1;31/10/2023;AllCustomers;NOBU;NOK;349906784.256
2023;BV1;30/11/2023;AllCustomers;NOBU;NOK;446131149.9264
2023;BV1;31/12/2023;AllCustomers;NOBU;NOK;341159114.6496
2023;BV1;31/01/2023;AllCustomers;ZABU;ZAR;481482759.1875
2023;BV1;28/02/2023;AllCustomers;ZABU;ZAR;373630621.1295
2023;BV1;31/03/2023;AllCustomers;ZABU;ZAR;273482207.2185
2023;BV1;30/04/2023;AllCustomers;ZABU;ZAR;477630897.114
2023;BV1;31/05/2023;AllCustomers;ZABU;ZAR;381334345.2765
2023;BV1;30/06/2023;AllCustomers;ZABU;ZAR;500742069.555
2023;BV1;31/07/2023;AllCustomers;ZABU;ZAR;423704828.085
2023;BV1;31/08/2023;AllCustomers;ZABU;ZAR;304297103.8065
2023;BV1;30/09/2023;AllCustomers;ZABU;ZAR;296593379.6595
2023;BV1;31/10/2023;AllCustomers;ZABU;ZAR;466075310.8935
2023;BV1;30/11/2023;AllCustomers;ZABU;ZAR;288889655.5125
2023;BV1;31/12/2023;AllCustomers;ZABU;ZAR;304297103.8065
2023;BV1;31/01/2023;AllCustomers;DKBU;DKK;350893990.106401
2023;BV1;28/02/2023;AllCustomers;DKBU;DKK;414999622.914301
2023;BV1;31/03/2023;AllCustomers;DKBU;DKK;418373603.588401
2023;BV1;30/04/2023;AllCustomers;DKBU;DKK;431869526.284801
2023;BV1;31/05/2023;AllCustomers;DKBU;DKK;438617487.633001
2023;BV1;30/06/2023;AllCustomers;DKBU;DKK;259796511.905701
2023;BV1;31/07/2023;AllCustomers;DKBU;DKK;269918453.928001
2023;BV1;31/08/2023;AllCustomers;DKBU;DKK;367763893.476901
2023;BV1;30/09/2023;AllCustomers;DKBU;DKK;357641951.454601
2023;BV1;31/10/2023;AllCustomers;DKBU;DKK;242926608.535201
2023;BV1;30/11/2023;AllCustomers;DKBU;DKK;354267970.780501
2023;BV1;31/12/2023;AllCustomers;DKBU;DKK;347520009.432301
2023;BV1;31/01/2023;AllCustomers;SMBU;EUR;255254565.929999
2023;BV1;28/02/2023;AllCustomers;SMBU;EUR;300745478.669999
2023;BV1;31/03/2023;AllCustomers;SMBU;EUR;326018207.969999
2023;BV1;30/04/2023;AllCustomers;SMBU;EUR;252727292.999999
2023;BV1;31/05/2023;AllCustomers;SMBU;EUR;184490923.889999
2023;BV1;30/06/2023;AllCustomers;SMBU;EUR;242618201.279999
2023;BV1;31/07/2023;AllCustomers;SMBU;EUR;217345471.979999
2023;BV1;31/08/2023;AllCustomers;SMBU;EUR;176909105.099999
2023;BV1;30/09/2023;AllCustomers;SMBU;EUR;181963650.959999
2023;BV1;31/10/2023;AllCustomers;SMBU;EUR;179436378.029999
2023;BV1;30/11/2023;AllCustomers;SMBU;EUR;310854570.389999
2023;BV1;31/12/2023;AllCustomers;SMBU;EUR;187018196.819999
2023;BV1;31/01/2023;AllCustomers;MCBU;EUR;284748196.187
2023;BV1;28/02/2023;AllCustomers;MCBU;EUR;266811301.939
2023;BV1;31/03/2023;AllCustomers;MCBU;EUR;179368942.48
2023;BV1;30/04/2023;AllCustomers;MCBU;EUR;190579501.385
2023;BV1;31/05/2023;AllCustomers;MCBU;EUR;174884718.918
2023;BV1;30/06/2023;AllCustomers;MCBU;EUR;246632295.91
2023;BV1;31/07/2023;AllCustomers;MCBU;EUR;195063724.947
2023;BV1;31/08/2023;AllCustomers;MCBU;EUR;186095277.823
2023;BV1;30/09/2023;AllCustomers;MCBU;EUR;226453289.881
2023;BV1;31/10/2023;AllCustomers;MCBU;EUR;271295525.501
2023;BV1;30/11/2023;AllCustomers;MCBU;EUR;204032172.071
2023;BV1;31/12/2023;AllCustomers;MCBU;EUR;156947824.67
2023;BV1;31/01/2023;AllCustomers;HKBU;HKD;229457284.8984
2023;BV1;28/02/2023;AllCustomers;HKBU;HKD;184350297.2688
2023;BV1;31/03/2023;AllCustomers;HKBU;HKD;139243309.6392
2023;BV1;30/04/2023;AllCustomers;HKBU;HKD;184350297.2688
2023;BV1;31/05/2023;AllCustomers;HKBU;HKD;245146671.9
2023;BV1;30/06/2023;AllCustomers;HKBU;HKD;196117337.52
2023;BV1;31/07/2023;AllCustomers;HKBU;HKD;176505603.768
2023;BV1;31/08/2023;AllCustomers;HKBU;HKD;227496111.5232
2023;BV1;30/09/2023;AllCustomers;HKBU;HKD;152971523.2656
2023;BV1;31/10/2023;AllCustomers;HKBU;HKD;227496111.5232
2023;BV1;30/11/2023;AllCustomers;HKBU;HKD;203962031.0208
2023;BV1;31/12/2023;AllCustomers;HKBU;HKD;184350297.2688
2023;BV1;31/01/2023;AllCustomers;SABU;SAR;239847997.725
2023;BV1;28/02/2023;AllCustomers;SABU;SAR;184644887.1375
2023;BV1;31/03/2023;AllCustomers;SABU;SAR;232233775.575
2023;BV1;30/04/2023;AllCustomers;SABU;SAR;215101775.7375
2023;BV1;31/05/2023;AllCustomers;SABU;SAR;237944442.1875
2023;BV1;30/06/2023;AllCustomers;SABU;SAR;239847997.725
2023;BV1;31/07/2023;AllCustomers;SABU;SAR;186548442.675
2023;BV1;31/08/2023;AllCustomers;SABU;SAR;150380887.4625
2023;BV1;30/09/2023;AllCustomers;SABU;SAR;247462219.875
2023;BV1;31/10/2023;AllCustomers;SABU;SAR;182741331.6
2023;BV1;30/11/2023;AllCustomers;SABU;SAR;192259109.2875
2023;BV1;31/12/2023;AllCustomers;SABU;SAR;211294664.6625
2023;BV1;31/01/2023;AllCustomers;QABU;QAR;168252359.3275
2023;BV1;28/02/2023;AllCustomers;QABU;QAR;166361883.38
2023;BV1;31/03/2023;AllCustomers;QABU;QAR;132333316.325
2023;BV1;30/04/2023;AllCustomers;QABU;QAR;234419017.49
2023;BV1;31/05/2023;AllCustomers;QABU;QAR;190938070.6975
2023;BV1;30/06/2023;AllCustomers;QABU;QAR;162580931.485
2023;BV1;31/07/2023;AllCustomers;QABU;QAR;172033311.2225
2023;BV1;31/08/2023;AllCustomers;QABU;QAR;224966637.7525
2023;BV1;30/09/2023;AllCustomers;QABU;QAR;241980921.28
2023;BV1;31/10/2023;AllCustomers;QABU;QAR;241980921.28
2023;BV1;30/11/2023;AllCustomers;QABU;QAR;217404733.9625
2023;BV1;31/12/2023;AllCustomers;QABU;QAR;194719022.5925
2023;BV1;31/01/2023;AllCustomers;AEBU;AED;165037701.523201
2023;BV1;28/02/2023;AllCustomers;AEBU;AED;211923412.183201
2023;BV1;31/03/2023;AllCustomers;AEBU;AED;225051411.168001
2023;BV1;30/04/2023;AllCustomers;AEBU;AED;226926839.594401
2023;BV1;31/05/2023;AllCustomers;AEBU;AED;215674269.036001
2023;BV1;30/06/2023;AllCustomers;AEBU;AED;189418271.066401
2023;BV1;31/07/2023;AllCustomers;AEBU;AED;144407988.832801
2023;BV1;31/08/2023;AllCustomers;AEBU;AED;151909702.538401
2023;BV1;30/09/2023;AllCustomers;AEBU;AED;170663986.802401
2023;BV1;31/10/2023;AllCustomers;AEBU;AED;208172555.330401
2023;BV1;30/11/2023;AllCustomers;AEBU;AED;225051411.168001
2023;BV1;31/12/2023;AllCustomers;AEBU;AED;200670841.624801
2023;BV1;31/01/2023;AllCustomers;VABU;EUR;169272396.384
2023;BV1;28/02/2023;AllCustomers;VABU;EUR;149033305.512
2023;BV1;31/03/2023;AllCustomers;VABU;EUR;149033305.512
2023;BV1;30/04/2023;AllCustomers;VABU;EUR;187671569.904
2023;BV1;31/05/2023;AllCustomers;VABU;EUR;130634131.992
2023;BV1;30/06/2023;AllCustomers;VABU;EUR;237349338.408
2023;BV1;31/07/2023;AllCustomers;VABU;EUR;158232892.272
2023;BV1;31/08/2023;AllCustomers;VABU;EUR;167432479.032
2023;BV1;30/09/2023;AllCustomers;VABU;EUR;204230826.072
2023;BV1;31/10/2023;AllCustomers;VABU;EUR;167432479.032
2023;BV1;30/11/2023;AllCustomers;VABU;EUR;206070743.424
2023;BV1;31/12/2023;AllCustomers;VABU;EUR;200550991.368
2023;BV1;31/01/2023;AllCustomers;FOBU;DKK;193679989.2474
2023;BV1;28/02/2023;AllCustomers;FOBU;DKK;159701043.7654
2023;BV1;31/03/2023;AllCustomers;FOBU;DKK;190282094.6992
2023;BV1;30/04/2023;AllCustomers;FOBU;DKK;125722098.2834
2023;BV1;31/05/2023;AllCustomers;FOBU;DKK;130818940.1057
2023;BV1;30/06/2023;AllCustomers;FOBU;DKK;198776831.0697
2023;BV1;31/07/2023;AllCustomers;FOBU;DKK;185185252.8769
2023;BV1;31/08/2023;AllCustomers;FOBU;DKK;198776831.0697
2023;BV1;30/09/2023;AllCustomers;FOBU;DKK;164797885.5877
2023;BV1;31/10/2023;AllCustomers;FOBU;DKK;210669461.9884
2023;BV1;30/11/2023;AllCustomers;FOBU;DKK;169894727.41
2023;BV1;31/12/2023;AllCustomers;FOBU;DKK;118926309.187
2023;BV1;31/01/2023;AllCustomers;LIBU;CHF;137620199.62
2023;BV1;28/02/2023;AllCustomers;LIBU;CHF;161906117.2
2023;BV1;31/03/2023;AllCustomers;LIBU;CHF;136001138.448
2023;BV1;30/04/2023;AllCustomers;LIBU;CHF;134382077.276
2023;BV1;31/05/2023;AllCustomers;LIBU;CHF;124667710.244
2023;BV1;30/06/2023;AllCustomers;LIBU;CHF;129524893.76
2023;BV1;31/07/2023;AllCustomers;LIBU;CHF;148953627.824
2023;BV1;31/08/2023;AllCustomers;LIBU;CHF;178096728.92
2023;BV1;30/09/2023;AllCustomers;LIBU;CHF;192668279.468
2023;BV1;31/10/2023;AllCustomers;LIBU;CHF;126286771.416
2023;BV1;30/11/2023;AllCustomers;LIBU;CHF;123048649.072
2023;BV1;31/12/2023;AllCustomers;LIBU;CHF;168382361.888
2023;BV1;31/01/2023;AllCustomers;MYBU;MYR;111520760.7762
2023;BV1;28/02/2023;AllCustomers;MYBU;MYR;93756391.8030001
2023;BV1;31/03/2023;AllCustomers;MYBU;MYR;78952750.9920001
2023;BV1;30/04/2023;AllCustomers;MYBU;MYR;71057475.8928001
2023;BV1;31/05/2023;AllCustomers;MYBU;MYR;69083657.1180001
2023;BV1;30/06/2023;AllCustomers;MYBU;MYR;91782573.0282001
2023;BV1;31/07/2023;AllCustomers;MYBU;MYR;114481488.9384
2023;BV1;31/08/2023;AllCustomers;MYBU;MYR;113494579.551
2023;BV1;30/09/2023;AllCustomers;MYBU;MYR;81913479.1542001
2023;BV1;31/10/2023;AllCustomers;MYBU;MYR;121389854.6502
2023;BV1;30/11/2023;AllCustomers;MYBU;MYR;126324401.5872
2023;BV1;31/12/2023;AllCustomers;MYBU;MYR;100664757.5148
2023;BV1;31/01/2023;AllCustomers;PLBU;PLN;86922079.8600002
2023;BV1;28/02/2023;AllCustomers;PLBU;PLN;85987433.8400002
2023;BV1;31/03/2023;AllCustomers;PLBU;PLN;93464602.0000002
2023;BV1;30/04/2023;AllCustomers;PLBU;PLN;97203186.0800002
2023;BV1;31/05/2023;AllCustomers;PLBU;PLN;107484292.3
2023;BV1;30/06/2023;AllCustomers;PLBU;PLN;79444911.7000002
2023;BV1;31/07/2023;AllCustomers;PLBU;PLN;90660663.9400002
2023;BV1;31/08/2023;AllCustomers;PLBU;PLN;94399248.0200002
2023;BV1;30/09/2023;AllCustomers;PLBU;PLN;68229159.4600001
2023;BV1;31/10/2023;AllCustomers;PLBU;PLN;81314203.7400002
2023;BV1;30/11/2023;AllCustomers;PLBU;PLN;89726017.9200002
2023;BV1;31/12/2023;AllCustomers;PLBU;PLN;81314203.7400002
2023;BV1;31/01/2023;AllCustomers;ILBU;ILS;101598790.293
2023;BV1;28/02/2023;AllCustomers;ILBU;ILS;92046767.2739997
2023;BV1;31/03/2023;AllCustomers;ILBU;ILS;81626378.5259997
2023;BV1;30/04/2023;AllCustomers;ILBU;ILS;100730424.564
2023;BV1;31/05/2023;AllCustomers;ILBU;ILS;69469258.3199998
2023;BV1;30/06/2023;AllCustomers;ILBU;ILS;81626378.5259997
2023;BV1;31/07/2023;AllCustomers;ILBU;ILS;79889647.0679997
2023;BV1;31/08/2023;AllCustomers;ILBU;ILS;110282447.583
2023;BV1;30/09/2023;AllCustomers;ILBU;ILS;111150813.312
2023;BV1;31/10/2023;AllCustomers;ILBU;ILS;106808984.667
2023;BV1;30/11/2023;AllCustomers;ILBU;ILS;98125327.3769996
2023;BV1;31/12/2023;AllCustomers;ILBU;ILS;72942721.2359997
2023;BV1;31/01/2023;AllCustomers;NZBU;NZD;77403024.0479998
2023;BV1;28/02/2023;AllCustomers;NZBU;NZD;79593675.6719998
2023;BV1;31/03/2023;AllCustomers;NZBU;NZD;67179983.1359998
2023;BV1;30/04/2023;AllCustomers;NZBU;NZD;54036073.3919999
2023;BV1;31/05/2023;AllCustomers;NZBU;NZD;52575638.9759999
2023;BV1;30/06/2023;AllCustomers;NZBU;NZD;62798679.8879998
2023;BV1;31/07/2023;AllCustomers;NZBU;NZD;79593675.6719998
2023;BV1;31/08/2023;AllCustomers;NZBU;NZD;64989331.5119998
2023;BV1;30/09/2023;AllCustomers;NZBU;NZD;87626064.9599998
2023;BV1;31/10/2023;AllCustomers;NZBU;NZD;89086499.3759998
2023;BV1;30/11/2023;AllCustomers;NZBU;NZD;78133241.2559998
2023;BV1;31/12/2023;AllCustomers;NZBU;NZD;83974978.9199998
2023;BV1;31/01/2023;AllCustomers;SGBU;SGD;67793871.8599999
2023;BV1;28/02/2023;AllCustomers;SGBU;SGD;66437994.4227999
2023;BV1;31/03/2023;AllCustomers;SGBU;SGD;77285013.9203999
2023;BV1;30/04/2023;AllCustomers;SGBU;SGD;65760055.7041999
2023;BV1;31/05/2023;AllCustomers;SGBU;SGD;76607075.2017999
2023;BV1;30/06/2023;AllCustomers;SGBU;SGD;84742339.8249999
2023;BV1;31/07/2023;AllCustomers;SGBU;SGD;56946852.3623999
2023;BV1;31/08/2023;AllCustomers;SGBU;SGD;85420278.5435999
2023;BV1;30/09/2023;AllCustomers;SGBU;SGD;54913036.2065999
2023;BV1;31/10/2023;AllCustomers;SGBU;SGD;61014484.6739999
2023;BV1;30/11/2023;AllCustomers;SGBU;SGD;47455710.3019999
2023;BV1;31/12/2023;AllCustomers;SGBU;SGD;68471810.5785999
2023;BV1;31/01/2023;AllCustomers;ADBU;EUR;77761806.3767995
2023;BV1;28/02/2023;AllCustomers;ADBU;EUR;62343517.1813996
2023;BV1;31/03/2023;AllCustomers;ADBU;EUR;73069283.5781996
2023;BV1;30/04/2023;AllCustomers;ADBU;EUR;65695319.1803996
2023;BV1;31/05/2023;AllCustomers;ADBU;EUR;61002796.3817996
2023;BV1;30/06/2023;AllCustomers;ADBU;EUR;48265948.7855997
2023;BV1;31/07/2023;AllCustomers;ADBU;EUR;70387841.9789996
2023;BV1;31/08/2023;AllCustomers;ADBU;EUR;79102527.1763995
2023;BV1;30/09/2023;AllCustomers;ADBU;EUR;50277029.9849997
2023;BV1;31/10/2023;AllCustomers;ADBU;EUR;48265948.7855997
2023;BV1;30/11/2023;AllCustomers;ADBU;EUR;54299192.3837997
2023;BV1;31/12/2023;AllCustomers;ADBU;EUR;83795049.9749995
2023;BV1;31/01/2023;AllCustomers;MSBU;XCD;51776479.6379999
2023;BV1;28/02/2023;AllCustomers;MSBU;XCD;84302729.6669999
2023;BV1;31/03/2023;AllCustomers;MSBU;XCD;80319923.5409999
2023;BV1;30/04/2023;AllCustomers;MSBU;XCD;61733494.9529999
2023;BV1;31/05/2023;AllCustomers;MSBU;XCD;67707704.1419999
2023;BV1;30/06/2023;AllCustomers;MSBU;XCD;65052500.0579999
2023;BV1;31/07/2023;AllCustomers;MSBU;XCD;53767882.7009999
2023;BV1;31/08/2023;AllCustomers;MSBU;XCD;47129872.4909999
2023;BV1;30/09/2023;AllCustomers;MSBU;XCD;71690510.2679999
2023;BV1;31/10/2023;AllCustomers;MSBU;XCD;53104081.6799999
2023;BV1;30/11/2023;AllCustomers;MSBU;XCD;51776479.6379999
2023;BV1;31/12/2023;AllCustomers;MSBU;XCD;48457474.5329999
2023;BV1;31/01/2023;AllCustomers;CABU;CAD;61391541.4
2023;BV1;28/02/2023;AllCustomers;CABU;CAD;50115544.00
2023;BV1;31/03/2023;AllCustomers;CABU;CAD;62017985.7
2023;BV1;30/04/2023;AllCustomers;CABU;CAD;77679093.2
2023;BV1;31/05/2023;AllCustomers;CABU;CAD;65776651.5
2023;BV1;30/06/2023;AllCustomers;CABU;CAD;76426204.6
2023;BV1;31/07/2023;AllCustomers;CABU;CAD;57632875.6
2023;BV1;31/08/2023;AllCustomers;CABU;CAD;71414650.2
2023;BV1;30/09/2023;AllCustomers;CABU;CAD;59512208.5
2023;BV1;31/10/2023;AllCustomers;CABU;CAD;70788205.9
2023;BV1;30/11/2023;AllCustomers;CABU;CAD;73920427.4
2023;BV1;31/12/2023;AllCustomers;CABU;CAD;77679093.2
2023;BV1;31/01/2023;AllCustomers;CHBU;CHF;55566935.3668
2023;BV1;28/02/2023;AllCustomers;CHBU;CHF;47300779.6924
2023;BV1;31/03/2023;AllCustomers;CHBU;CHF;54648473.6252
2023;BV1;30/04/2023;AllCustomers;CHBU;CHF;43167701.8552
2023;BV1;31/05/2023;AllCustomers;CHBU;CHF;41330778.372
2023;BV1;30/06/2023;AllCustomers;CHBU;CHF;54189242.7544
2023;BV1;31/07/2023;AllCustomers;CHBU;CHF;56026166.2376
2023;BV1;31/08/2023;AllCustomers;CHBU;CHF;52811550.142
2023;BV1;30/09/2023;AllCustomers;CHBU;CHF;49596934.0464
2023;BV1;31/10/2023;AllCustomers;CHBU;CHF;32605391.8268
2023;BV1;30/11/2023;AllCustomers;CHBU;CHF;56026166.2376
2023;BV1;31/12/2023;AllCustomers;CHBU;CHF;35360777.0516
2023;BV1;31/01/2023;AllCustomers;MTBU;EUR;57217654.9854
2023;BV1;28/02/2023;AllCustomers;MTBU;EUR;56763546.6125
2023;BV1;31/03/2023;AllCustomers;MTBU;EUR;31787586.103
2023;BV1;30/04/2023;AllCustomers;MTBU;EUR;55855329.8667
2023;BV1;31/05/2023;AllCustomers;MTBU;EUR;42686187.0526
2023;BV1;30/06/2023;AllCustomers;MTBU;EUR;43594403.7984
2023;BV1;31/07/2023;AllCustomers;MTBU;EUR;38599211.6965
2023;BV1;31/08/2023;AllCustomers;MTBU;EUR;46773162.4087
2023;BV1;30/09/2023;AllCustomers;MTBU;EUR;39961536.8152
2023;BV1;31/10/2023;AllCustomers;MTBU;EUR;58579980.1041
2023;BV1;30/11/2023;AllCustomers;MTBU;EUR;53584788.0022
2023;BV1;31/12/2023;AllCustomers;MTBU;EUR;48135487.5274
2023;BV1;31/01/2023;AllCustomers;BEBU;EUR;56992555.62
2023;BV1;28/02/2023;AllCustomers;BEBU;EUR;36185749.6
2023;BV1;31/03/2023;AllCustomers;BEBU;EUR;42970577.65
2023;BV1;30/04/2023;AllCustomers;BEBU;EUR;51112371.31
2023;BV1;31/05/2023;AllCustomers;BEBU;EUR;39352002.69
2023;BV1;30/06/2023;AllCustomers;BEBU;EUR;32114852.77
2023;BV1;31/07/2023;AllCustomers;BEBU;EUR;35281105.86
2023;BV1;31/08/2023;AllCustomers;BEBU;EUR;39804324.56
2023;BV1;30/09/2023;AllCustomers;BEBU;EUR;49303083.83
2023;BV1;31/10/2023;AllCustomers;BEBU;EUR;38899680.82
2023;BV1;30/11/2023;AllCustomers;BEBU;EUR;47493796.35
2023;BV1;31/12/2023;AllCustomers;BEBU;EUR;49755405.7
2023;BV1;31/01/2023;AllCustomers;LUBU;EUR;32031189.2810002
2023;BV1;28/02/2023;AllCustomers;LUBU;EUR;46918925.1440003
2023;BV1;31/03/2023;AllCustomers;LUBU;EUR;35640337.3690002
2023;BV1;30/04/2023;AllCustomers;LUBU;EUR;58197512.9190004
2023;BV1;31/05/2023;AllCustomers;LUBU;EUR;34738050.3470002
2023;BV1;30/06/2023;AllCustomers;LUBU;EUR;52332647.2760003
2023;BV1;31/07/2023;AllCustomers;LUBU;EUR;40602915.9900003
2023;BV1;31/08/2023;AllCustomers;LUBU;EUR;46016638.1220003
2023;BV1;30/09/2023;AllCustomers;LUBU;EUR;37896054.9240002
2023;BV1;31/10/2023;AllCustomers;LUBU;EUR;49174642.6990003
2023;BV1;30/11/2023;AllCustomers;LUBU;EUR;46016638.1220003
2023;BV1;31/12/2023;AllCustomers;LUBU;EUR;58197512.9190004
2023;BV1;31/01/2023;AllCustomers;ITBU;EUR;41442197.0144001
2023;BV1;28/02/2023;AllCustomers;ITBU;EUR;54055039.5840001
2023;BV1;31/03/2023;AllCustomers;ITBU;EUR;39189903.6984001
2023;BV1;30/04/2023;AllCustomers;ITBU;EUR;39189903.6984001
2023;BV1;31/05/2023;AllCustomers;ITBU;EUR;41442197.0144001
2023;BV1;30/06/2023;AllCustomers;ITBU;EUR;55856874.2368001
2023;BV1;31/07/2023;AllCustomers;ITBU;EUR;56757791.5632001
2023;BV1;31/08/2023;AllCustomers;ITBU;EUR;34685317.0664001
2023;BV1;30/09/2023;AllCustomers;ITBU;EUR;35586234.3928001
2023;BV1;31/10/2023;AllCustomers;ITBU;EUR;43244031.6672001
2023;BV1;30/11/2023;AllCustomers;ITBU;EUR;36036693.0560001
2023;BV1;31/12/2023;AllCustomers;ITBU;EUR;49099994.2888001
2023;BV1;31/01/2023;AllCustomers;ESBU;EUR;42590427.607
2023;BV1;28/02/2023;AllCustomers;ESBU;EUR;46625310.2224
2023;BV1;31/03/2023;AllCustomers;ESBU;EUR;57384997.1968
2023;BV1;30/04/2023;AllCustomers;ESBU;EUR;34968982.6668
2023;BV1;31/05/2023;AllCustomers;ESBU;EUR;34520662.3762
2023;BV1;30/06/2023;AllCustomers;ESBU;EUR;41693787.0258
2023;BV1;31/07/2023;AllCustomers;ESBU;EUR;41693787.0258
2023;BV1;31/08/2023;AllCustomers;ESBU;EUR;38555544.9916
2023;BV1;30/09/2023;AllCustomers;ESBU;EUR;43487068.1882
2023;BV1;31/10/2023;AllCustomers;ESBU;EUR;53350114.5814
2023;BV1;30/11/2023;AllCustomers;ESBU;EUR;54695075.4532
2023;BV1;31/12/2023;AllCustomers;ESBU;EUR;34072342.0856
2023;BV1;31/01/2023;AllCustomers;GIBU;GIP;48843289.495
2023;BV1;28/02/2023;AllCustomers;GIBU;GIP;28178820.8625
2023;BV1;31/03/2023;AllCustomers;GIBU;GIP;40201784.4305
2023;BV1;30/04/2023;AllCustomers;GIBU;GIP;26300232.805
2023;BV1;31/05/2023;AllCustomers;GIBU;GIP;35317455.481
2023;BV1;30/06/2023;AllCustomers;GIBU;GIP;46588983.826
2023;BV1;31/07/2023;AllCustomers;GIBU;GIP;40577502.042
2023;BV1;31/08/2023;AllCustomers;GIBU;GIP;34190302.6465
2023;BV1;30/09/2023;AllCustomers;GIBU;GIP;38323196.373
2023;BV1;31/10/2023;AllCustomers;GIBU;GIP;42456090.0995
2023;BV1;30/11/2023;AllCustomers;GIBU;GIP;42080372.488
2023;BV1;31/12/2023;AllCustomers;GIBU;GIP;31560279.366
2023;BV1;31/01/2023;AllCustomers;PNBU;NZD;41762531.3615999
2023;BV1;28/02/2023;AllCustomers;PNBU;NZD;31694778.2654999
2023;BV1;31/03/2023;AllCustomers;PNBU;NZD;30203259.2882999
2023;BV1;30/04/2023;AllCustomers;PNBU;NZD;39525252.8957999
2023;BV1;31/05/2023;AllCustomers;PNBU;NZD;40643892.1286999
2023;BV1;30/06/2023;AllCustomers;PNBU;NZD;48101487.0146999
2023;BV1;31/07/2023;AllCustomers;PNBU;NZD;29457499.7996999
2023;BV1;31/08/2023;AllCustomers;PNBU;NZD;35796455.4527999
2023;BV1;30/09/2023;AllCustomers;PNBU;NZD;37660854.1742999
2023;BV1;31/10/2023;AllCustomers;PNBU;NZD;31694778.2654999
2023;BV1;30/11/2023;AllCustomers;PNBU;NZD;44745569.3159999
2023;BV1;31/12/2023;AllCustomers;PNBU;NZD;43626930.0830999
2023;BV1;31/01/2023;AllCustomers;AUBU;AUD;23477066.7733001
2023;BV1;28/02/2023;AllCustomers;AUBU;AUD;26122370.0717001
2023;BV1;31/03/2023;AllCustomers;AUBU;AUD;26453032.9840001
2023;BV1;30/04/2023;AllCustomers;AUBU;AUD;41332864.0375001
2023;BV1;31/05/2023;AllCustomers;AUBU;AUD;36372920.3530001
2023;BV1;30/06/2023;AllCustomers;AUBU;AUD;31743639.5808001
2023;BV1;31/07/2023;AllCustomers;AUBU;AUD;29428999.1947001
2023;BV1;31/08/2023;AllCustomers;AUBU;AUD;34719605.7915001
2023;BV1;30/09/2023;AllCustomers;AUBU;AUD;31082313.7562001
2023;BV1;31/10/2023;AllCustomers;AUBU;AUD;29759662.1070001
2023;BV1;30/11/2023;AllCustomers;AUBU;AUD;30090325.0193001
2023;BV1;31/12/2023;AllCustomers;AUBU;AUD;37695572.0022001
2023;BV1;31/01/2023;AllCustomers;VGBU;USD;27497476.08
2023;BV1;28/02/2023;AllCustomers;VGBU;USD;18586256.98
2023;BV1;31/03/2023;AllCustomers;VGBU;USD;19350075.76
2023;BV1;30/04/2023;AllCustomers;VGBU;USD;26479051.04
2023;BV1;31/05/2023;AllCustomers;VGBU;USD;21386925.84
2023;BV1;30/06/2023;AllCustomers;VGBU;USD;22150744.62
2023;BV1;31/07/2023;AllCustomers;VGBU;USD;25206019.74
2023;BV1;31/08/2023;AllCustomers;VGBU;USD;22405350.88
2023;BV1;30/09/2023;AllCustomers;VGBU;USD;21896138.36
2023;BV1;31/10/2023;AllCustomers;VGBU;USD;21641532.1
2023;BV1;30/11/2023;AllCustomers;VGBU;USD;23169169.66
2023;BV1;31/12/2023;AllCustomers;VGBU;USD;17822438.2
2023;BV1;31/01/2023;AllCustomers;IOBU;USD;25663976.78
2023;BV1;28/02/2023;AllCustomers;IOBU;USD;29221359.7
2023;BV1;31/03/2023;AllCustomers;IOBU;USD;27950865.8
2023;BV1;30/04/2023;AllCustomers;IOBU;USD;21852495.08
2023;BV1;31/05/2023;AllCustomers;IOBU;USD;25918075.56
2023;BV1;30/06/2023;AllCustomers;IOBU;USD;31762347.5
2023;BV1;31/07/2023;AllCustomers;IOBU;USD;21852495.08
2023;BV1;31/08/2023;AllCustomers;IOBU;USD;25155779.22
2023;BV1;30/09/2023;AllCustomers;IOBU;USD;25918075.56
2023;BV1;31/10/2023;AllCustomers;IOBU;USD;21598396.3
2023;BV1;30/11/2023;AllCustomers;IOBU;USD;19819704.84
2023;BV1;31/12/2023;AllCustomers;IOBU;USD;20582001.18
2023;BV1;31/01/2023;AllCustomers;BMBU;BMD;28025354.87
2023;BV1;28/02/2023;AllCustomers;BMBU;BMD;30753486.76
2023;BV1;31/03/2023;AllCustomers;BMBU;BMD;27777342.88
2023;BV1;30/04/2023;AllCustomers;BMBU;BMD;19840959.2
2023;BV1;31/05/2023;AllCustomers;BMBU;BMD;19840959.2
2023;BV1;30/06/2023;AllCustomers;BMBU;BMD;19096923.23
2023;BV1;31/07/2023;AllCustomers;BMBU;BMD;17360839.3
2023;BV1;31/08/2023;AllCustomers;BMBU;BMD;23809151.04
2023;BV1;30/09/2023;AllCustomers;BMBU;BMD;31001498.75
2023;BV1;31/10/2023;AllCustomers;BMBU;BMD;24305175.02
2023;BV1;30/11/2023;AllCustomers;BMBU;BMD;23561139.05
2023;BV1;31/12/2023;AllCustomers;BMBU;BMD;24801199.00
2023;BV1;31/01/2023;AllCustomers;USBU;USD;29862402.38
2023;BV1;28/02/2023;AllCustomers;USBU;USD;21540093.52
2023;BV1;31/03/2023;AllCustomers;USBU;USD;29617628.59
2023;BV1;30/04/2023;AllCustomers;USBU;USD;27659438.27
2023;BV1;31/05/2023;AllCustomers;USBU;USD;17134165.3
2023;BV1;30/06/2023;AllCustomers;USBU;USD;26925116.9
2023;BV1;31/07/2023;AllCustomers;USBU;USD;20316224.57
2023;BV1;31/08/2023;AllCustomers;USBU;USD;24722152.79
2023;BV1;30/09/2023;AllCustomers;USBU;USD;23008736.26
2023;BV1;31/10/2023;AllCustomers;USBU;USD;29372854.8
2023;BV1;30/11/2023;AllCustomers;USBU;USD;24477379.00
2023;BV1;31/12/2023;AllCustomers;USBU;USD;19581903.2
2023;BV1;31/01/2023;AllCustomers;FIBU;EUR;17692752.5775
2023;BV1;28/02/2023;AllCustomers;FIBU;EUR;17220945.8421
2023;BV1;31/03/2023;AllCustomers;FIBU;EUR;25241660.3439
2023;BV1;30/04/2023;AllCustomers;FIBU;EUR;24533950.2408
2023;BV1;31/05/2023;AllCustomers;FIBU;EUR;28780210.8594
2023;BV1;30/06/2023;AllCustomers;FIBU;EUR;16985042.4744
2023;BV1;31/07/2023;AllCustomers;FIBU;EUR;25949370.447
2023;BV1;31/08/2023;AllCustomers;FIBU;EUR;27128887.2855
2023;BV1;30/09/2023;AllCustomers;FIBU;EUR;25949370.447
2023;BV1;31/10/2023;AllCustomers;FIBU;EUR;22646723.2992
2023;BV1;30/11/2023;AllCustomers;FIBU;EUR;26421177.1824
2023;BV1;31/12/2023;AllCustomers;FIBU;EUR;24533950.2408
2023;BV1;31/01/2023;AllCustomers;EEBU;EUR;17434649.9054
2023;BV1;28/02/2023;AllCustomers;EEBU;EUR;29214818.7604
2023;BV1;31/03/2023;AllCustomers;EEBU;EUR;19790683.6764
2023;BV1;30/04/2023;AllCustomers;EEBU;EUR;27094388.3665
2023;BV1;31/05/2023;AllCustomers;EEBU;EUR;23089130.9558
2023;BV1;30/06/2023;AllCustomers;EEBU;EUR;24502751.2184
2023;BV1;31/07/2023;AllCustomers;EEBU;EUR;17199046.5283
2023;BV1;31/08/2023;AllCustomers;EEBU;EUR;23795941.0871
2023;BV1;30/09/2023;AllCustomers;EEBU;EUR;17199046.5283
2023;BV1;31/10/2023;AllCustomers;EEBU;EUR;30392835.6459
2023;BV1;30/11/2023;AllCustomers;EEBU;EUR;29450422.1375
2023;BV1;31/12/2023;AllCustomers;EEBU;EUR;28272405.252
2023;BV1;31/01/2023;AllCustomers;IEBU;EUR;25615264.675
2023;BV1;28/02/2023;AllCustomers;IEBU;EUR;19327881.5275
2023;BV1;31/03/2023;AllCustomers;IEBU;EUR;26080996.76
2023;BV1;30/04/2023;AllCustomers;IEBU;EUR;18862149.4425
2023;BV1;31/05/2023;AllCustomers;IEBU;EUR;18163551.315
2023;BV1;30/06/2023;AllCustomers;IEBU;EUR;22355140.08
2023;BV1;31/07/2023;AllCustomers;IEBU;EUR;21423675.91
2023;BV1;31/08/2023;AllCustomers;IEBU;EUR;16766355.06
2023;BV1;30/09/2023;AllCustomers;IEBU;EUR;23053738.2075
2023;BV1;31/10/2023;AllCustomers;IEBU;EUR;20026479.655
2023;BV1;30/11/2023;AllCustomers;IEBU;EUR;29108255.3125
2023;BV1;31/12/2023;AllCustomers;IEBU;EUR;24218068.42
2023;BV1;31/01/2023;AllCustomers;LTBU;EUR;23621875.0404
2023;BV1;28/02/2023;AllCustomers;LTBU;EUR;17600612.7752
2023;BV1;31/03/2023;AllCustomers;LTBU;EUR;28485202.2546
2023;BV1;30/04/2023;AllCustomers;LTBU;EUR;23621875.0404
2023;BV1;31/05/2023;AllCustomers;LTBU;EUR;18758547.8262
2023;BV1;30/06/2023;AllCustomers;LTBU;EUR;29179963.2852
2023;BV1;31/07/2023;AllCustomers;LTBU;EUR;18758547.8262
2023;BV1;31/08/2023;AllCustomers;LTBU;EUR;27790441.224
2023;BV1;30/09/2023;AllCustomers;LTBU;EUR;22000765.969
2023;BV1;31/10/2023;AllCustomers;LTBU;EUR;17369025.765
2023;BV1;30/11/2023;AllCustomers;LTBU;EUR;23853462.0506
2023;BV1;31/12/2023;AllCustomers;LTBU;EUR;22000765.969
2023;BV1;31/01/2023;AllCustomers;ATBU;EUR;25138799.8953
2023;BV1;28/02/2023;AllCustomers;ATBU;EUR;20064913.6779
2023;BV1;31/03/2023;AllCustomers;ATBU;EUR;21909963.2115
2023;BV1;30/04/2023;AllCustomers;ATBU;EUR;18681126.5277
2023;BV1;31/05/2023;AllCustomers;ATBU;EUR;26753218.2372
2023;BV1;30/06/2023;AllCustomers;ATBU;EUR;24446906.3202
2023;BV1;31/07/2023;AllCustomers;ATBU;EUR;28367636.5791
2023;BV1;31/08/2023;AllCustomers;ATBU;EUR;27906374.1957
2023;BV1;30/09/2023;AllCustomers;ATBU;EUR;27675743.004
2023;BV1;31/10/2023;AllCustomers;ATBU;EUR;28137005.3874
2023;BV1;30/11/2023;AllCustomers;ATBU;EUR;27214480.6206
2023;BV1;31/12/2023;AllCustomers;ATBU;EUR;25830693.4704
2023;BV1;31/01/2023;AllCustomers;SKBU;EUR;21850560.0768
2023;BV1;28/02/2023;AllCustomers;SKBU;EUR;28906470.1016
2023;BV1;31/03/2023;AllCustomers;SKBU;EUR;23443830.0824
2023;BV1;30/04/2023;AllCustomers;SKBU;EUR;16387920.0576
2023;BV1;31/05/2023;AllCustomers;SKBU;EUR;16843140.0592
2023;BV1;30/06/2023;AllCustomers;SKBU;EUR;28451250.1
2023;BV1;31/07/2023;AllCustomers;SKBU;EUR;19346850.068
2023;BV1;31/08/2023;AllCustomers;SKBU;EUR;18208800.064
2023;BV1;30/09/2023;AllCustomers;SKBU;EUR;22761000.08
2023;BV1;31/10/2023;AllCustomers;SKBU;EUR;28906470.1016
2023;BV1;30/11/2023;AllCustomers;SKBU;EUR;20257290.0712
2023;BV1;31/12/2023;AllCustomers;SKBU;EUR;22761000.08
2023;BV1;31/01/2023;AllCustomers;CYBU;EUR;20464847.676
2023;BV1;28/02/2023;AllCustomers;CYBU;EUR;16144490.9444
2023;BV1;31/03/2023;AllCustomers;CYBU;EUR;18418362.9084
2023;BV1;30/04/2023;AllCustomers;CYBU;EUR;21147009.2652
2023;BV1;31/05/2023;AllCustomers;CYBU;EUR;22283945.2472
2023;BV1;30/06/2023;AllCustomers;CYBU;EUR;17281426.9264
2023;BV1;31/07/2023;AllCustomers;CYBU;EUR;25694753.1932
2023;BV1;31/08/2023;AllCustomers;CYBU;EUR;21601783.658
2023;BV1;30/09/2023;AllCustomers;CYBU;EUR;20237460.4796
2023;BV1;31/10/2023;AllCustomers;CYBU;EUR;28196012.3536
2023;BV1;30/11/2023;AllCustomers;CYBU;EUR;28196012.3536
2023;BV1;31/12/2023;AllCustomers;CYBU;EUR;25922140.3896
2023;BV1;31/01/2023;AllCustomers;NLBU;EUR;18787284.6161
2023;BV1;28/02/2023;AllCustomers;NLBU;EUR;17881873.3093
2023;BV1;31/03/2023;AllCustomers;NLBU;EUR;21050812.8831
2023;BV1;30/04/2023;AllCustomers;NLBU;EUR;27615044.8574
2023;BV1;31/05/2023;AllCustomers;NLBU;EUR;17881873.3093
2023;BV1;30/06/2023;AllCustomers;NLBU;EUR;20371754.403
2023;BV1;31/07/2023;AllCustomers;NLBU;EUR;26709633.5506
2023;BV1;31/08/2023;AllCustomers;NLBU;EUR;21503518.5365
2023;BV1;30/09/2023;AllCustomers;NLBU;EUR;26709633.5506
2023;BV1;31/10/2023;AllCustomers;NLBU;EUR;18108226.136
2023;BV1;30/11/2023;AllCustomers;NLBU;EUR;28294103.3375
2023;BV1;31/12/2023;AllCustomers;NLBU;EUR;19466343.0962
2023;BV1;31/01/2023;AllCustomers;GRBU;EUR;28475612.6382
2023;BV1;28/02/2023;AllCustomers;GRBU;EUR;15819784.799
2023;BV1;31/03/2023;AllCustomers;GRBU;EUR;23277683.3471
2023;BV1;30/04/2023;AllCustomers;GRBU;EUR;20791717.1644
2023;BV1;31/05/2023;AllCustomers;GRBU;EUR;24181671.0499
2023;BV1;30/06/2023;AllCustomers;GRBU;EUR;23729677.1985
2023;BV1;31/07/2023;AllCustomers;GRBU;EUR;24407667.9756
2023;BV1;31/08/2023;AllCustomers;GRBU;EUR;23955674.1242
2023;BV1;30/09/2023;AllCustomers;GRBU;EUR;27345628.0097
2023;BV1;31/10/2023;AllCustomers;GRBU;EUR;23277683.3471
2023;BV1;30/11/2023;AllCustomers;GRBU;EUR;18305750.9817
2023;BV1;31/12/2023;AllCustomers;GRBU;EUR;29379600.341
2023;BV1;31/01/2023;AllCustomers;FRBU;EUR;17800294.694
2023;BV1;28/02/2023;AllCustomers;FRBU;EUR;15997733.206
2023;BV1;31/03/2023;AllCustomers;FRBU;EUR;23883939.716
2023;BV1;30/04/2023;AllCustomers;FRBU;EUR;23883939.716
2023;BV1;31/05/2023;AllCustomers;FRBU;EUR;17124334.136
2023;BV1;30/06/2023;AllCustomers;FRBU;EUR;26362461.762
2023;BV1;31/07/2023;AllCustomers;FRBU;EUR;25911821.39
2023;BV1;31/08/2023;AllCustomers;FRBU;EUR;23433299.344
2023;BV1;30/09/2023;AllCustomers;FRBU;EUR;26587781.948
2023;BV1;31/10/2023;AllCustomers;FRBU;EUR;29066303.994
2023;BV1;30/11/2023;AllCustomers;FRBU;EUR;19828176.368
2023;BV1;31/12/2023;AllCustomers;FRBU;EUR;29066303.994
2023;BV1;31/01/2023;AllCustomers;DEBU;EUR;18468897.72
2023;BV1;28/02/2023;AllCustomers;DEBU;EUR;17117514.96
2023;BV1;31/03/2023;AllCustomers;DEBU;EUR;22297815.54
2023;BV1;30/04/2023;AllCustomers;DEBU;EUR;26126733.36
2023;BV1;31/05/2023;AllCustomers;DEBU;EUR;17793206.34
2023;BV1;30/06/2023;AllCustomers;DEBU;EUR;27703346.58
2023;BV1;31/07/2023;AllCustomers;DEBU;EUR;25901502.9
2023;BV1;31/08/2023;AllCustomers;DEBU;EUR;19595050.02
2023;BV1;30/09/2023;AllCustomers;DEBU;EUR;16892284.5
2023;BV1;31/10/2023;AllCustomers;DEBU;EUR;26351963.82
2023;BV1;30/11/2023;AllCustomers;DEBU;EUR;16441823.58
2023;BV1;31/12/2023;AllCustomers;DEBU;EUR;16441823.58
2023;BV1;31/01/2023;AllCustomers;SIBU;EUR;23811664.1672
2023;BV1;28/02/2023;AllCustomers;SIBU;EUR;20217450.708
2023;BV1;31/03/2023;AllCustomers;SIBU;EUR;18644982.3196
2023;BV1;30/04/2023;AllCustomers;SIBU;EUR;22239195.7788
2023;BV1;31/05/2023;AllCustomers;SIBU;EUR;19094259.002
2023;BV1;30/06/2023;AllCustomers;SIBU;EUR;16398598.9076
2023;BV1;31/07/2023;AllCustomers;SIBU;EUR;16623237.2488
2023;BV1;31/08/2023;AllCustomers;SIBU;EUR;17297152.2724
2023;BV1;30/09/2023;AllCustomers;SIBU;EUR;22239195.7788
2023;BV1;31/10/2023;AllCustomers;SIBU;EUR;27405877.6264
2023;BV1;30/11/2023;AllCustomers;SIBU;EUR;22913110.8024
2023;BV1;31/12/2023;AllCustomers;SIBU;EUR;22913110.8024
2023;BV1;31/01/2023;AllCustomers;LVBU;EUR;24052915.5048
2023;BV1;28/02/2023;AllCustomers;LVBU;EUR;18039686.6286
2023;BV1;31/03/2023;AllCustomers;LVBU;EUR;17148837.9062
2023;BV1;30/04/2023;AllCustomers;LVBU;EUR;19375959.7122
2023;BV1;31/05/2023;AllCustomers;LVBU;EUR;21825793.6988
2023;BV1;30/06/2023;AllCustomers;LVBU;EUR;18485110.9898
2023;BV1;31/07/2023;AllCustomers;LVBU;EUR;24721052.0466
2023;BV1;31/08/2023;AllCustomers;LVBU;EUR;23607491.1436
2023;BV1;30/09/2023;AllCustomers;LVBU;EUR;18485110.9898
2023;BV1;31/10/2023;AllCustomers;LVBU;EUR;26280037.3108
2023;BV1;30/11/2023;AllCustomers;LVBU;EUR;21380369.3376
2023;BV1;31/12/2023;AllCustomers;LVBU;EUR;25834612.9496
2023;BV1;31/01/2023;AllCustomers;PTBU;EUR;22276110.8934
2023;BV1;28/02/2023;AllCustomers;PTBU;EUR;23819999.7672
2023;BV1;31/03/2023;AllCustomers;PTBU;EUR;18526666.4856
2023;BV1;30/04/2023;AllCustomers;PTBU;EUR;19849999.806
2023;BV1;31/05/2023;AllCustomers;PTBU;EUR;23599444.2138
2023;BV1;30/06/2023;AllCustomers;PTBU;EUR;16321110.9516
2023;BV1;31/07/2023;AllCustomers;PTBU;EUR;28231110.8352
2023;BV1;31/08/2023;AllCustomers;PTBU;EUR;25584444.1944
2023;BV1;30/09/2023;AllCustomers;PTBU;EUR;20291110.9128
2023;BV1;31/10/2023;AllCustomers;PTBU;EUR;20732222.0196
2023;BV1;30/11/2023;AllCustomers;PTBU;EUR;18306110.9322
2023;BV1;31/12/2023;AllCustomers;PTBU;EUR;26466666.408
2023;BV1;31/01/2023;AllCustomers;KYBU;KYD;15206453.2732
2023;BV1;28/02/2023;AllCustomers;KYBU;KYD;14589975.4378
2023;BV1;31/03/2023;AllCustomers;KYBU;KYD;21371231.6272
2023;BV1;30/04/2023;AllCustomers;KYBU;KYD;17055886.7794
2023;BV1;31/05/2023;AllCustomers;KYBU;KYD;22193202.0744
2023;BV1;30/06/2023;AllCustomers;KYBU;KYD;20138275.9564
2023;BV1;31/07/2023;AllCustomers;KYBU;KYD;14795468.0496
2023;BV1;31/08/2023;AllCustomers;KYBU;KYD;19521798.121
2023;BV1;30/09/2023;AllCustomers;KYBU;KYD;25686576.475
2023;BV1;31/10/2023;AllCustomers;KYBU;KYD;17877857.2266
2023;BV1;30/11/2023;AllCustomers;KYBU;KYD;17466872.003
2023;BV1;31/12/2023;AllCustomers;KYBU;KYD;17261379.3912
2023;BV1;31/01/2023;AllCustomers;JEBU;GBP;13886399.9664
2023;BV1;28/02/2023;AllCustomers;JEBU;GBP;20636733.2834
2023;BV1;31/03/2023;AllCustomers;JEBU;GBP;15236466.6298
2023;BV1;30/04/2023;AllCustomers;JEBU;GBP;21601066.6144
2023;BV1;31/05/2023;AllCustomers;JEBU;GBP;21986799.9468
2023;BV1;30/06/2023;AllCustomers;JEBU;GBP;18900933.2876
2023;BV1;31/07/2023;AllCustomers;JEBU;GBP;22758266.6116
2023;BV1;31/08/2023;AllCustomers;JEBU;GBP;19286666.62
2023;BV1;30/09/2023;AllCustomers;JEBU;GBP;16200799.9608
2023;BV1;31/10/2023;AllCustomers;JEBU;GBP;16007933.2946
2023;BV1;30/11/2023;AllCustomers;JEBU;GBP;23336866.6102
2023;BV1;31/12/2023;AllCustomers;JEBU;GBP;18515199.9552
2023;BV1;31/01/2023;AllCustomers;OMBU;OMR;23926264.9
2023;BV1;28/02/2023;AllCustomers;OMBU;OMR;16269860.132
2023;BV1;31/03/2023;AllCustomers;OMBU;OMR;19332422.0392
2023;BV1;30/04/2023;AllCustomers;OMBU;OMR;16844090.4896
2023;BV1;31/05/2023;AllCustomers;OMBU;OMR;18949601.8008
2023;BV1;30/06/2023;AllCustomers;OMBU;OMR;23926264.9
2023;BV1;31/07/2023;AllCustomers;OMBU;OMR;20289472.6352
2023;BV1;31/08/2023;AllCustomers;OMBU;OMR;19523832.1584
2023;BV1;30/09/2023;AllCustomers;OMBU;OMR;16461270.2512
2023;BV1;31/10/2023;AllCustomers;OMBU;OMR;18375371.4432
2023;BV1;30/11/2023;AllCustomers;OMBU;OMR;17035500.6088
2023;BV1;31/12/2023;AllCustomers;OMBU;OMR;13398708.344
2023;BV1;31/01/2023;AllCustomers;GBBU;GBP;17145051.12
2023;BV1;28/02/2023;AllCustomers;GBBU;GBP;21336063.616
2023;BV1;31/03/2023;AllCustomers;GBBU;GBP;16192548.28
2023;BV1;30/04/2023;AllCustomers;GBBU;GBP;20955062.48
2023;BV1;31/05/2023;AllCustomers;GBBU;GBP;13335039.76
2023;BV1;30/06/2023;AllCustomers;GBBU;GBP;21717064.752
2023;BV1;31/07/2023;AllCustomers;GBBU;GBP;14478043.168
2023;BV1;31/08/2023;AllCustomers;GBBU;GBP;24003071.568
2023;BV1;30/09/2023;AllCustomers;GBBU;GBP;18478555.096
2023;BV1;31/10/2023;AllCustomers;GBBU;GBP;22098065.888
2023;BV1;30/11/2023;AllCustomers;GBBU;GBP;23431569.864
2023;BV1;31/12/2023;AllCustomers;GBBU;GBP;20764561.912
2023;BV1;31/01/2023;AllCustomers;BHBU;BHD;19060591.4673999
2023;BV1;28/02/2023;AllCustomers;BHBU;BHD;13210310.9179999
2023;BV1;31/03/2023;AllCustomers;BHBU;BHD;16418529.2837999
2023;BV1;30/04/2023;AllCustomers;BHBU;BHD;20570341.2865999
2023;BV1;31/05/2023;AllCustomers;BHBU;BHD;15474935.6467999
2023;BV1;30/06/2023;AllCustomers;BHBU;BHD;14908779.4645999
2023;BV1;31/07/2023;AllCustomers;BHBU;BHD;14342623.2823999
2023;BV1;31/08/2023;AllCustomers;BHBU;BHD;16984685.4659999
2023;BV1;30/09/2023;AllCustomers;BHBU;BHD;23778559.6523999
2023;BV1;31/10/2023;AllCustomers;BHBU;BHD;21325216.1961999
2023;BV1;30/11/2023;AllCustomers;BHBU;BHD;16041091.8289999
2023;BV1;31/12/2023;AllCustomers;BHBU;BHD;15663654.3741999
2023;BV1;31/01/2023;AllCustomers;IMBU;GBP;21095824.1848001
2023;BV1;28/02/2023;AllCustomers;IMBU;GBP;15308474.1872001
2023;BV1;31/03/2023;AllCustomers;IMBU;GBP;14935096.7680001
2023;BV1;30/04/2023;AllCustomers;IMBU;GBP;13254898.3816001
2023;BV1;31/05/2023;AllCustomers;IMBU;GBP;15681851.6064001
2023;BV1;30/06/2023;AllCustomers;IMBU;GBP;20162380.6368001
2023;BV1;31/07/2023;AllCustomers;IMBU;GBP;22402645.1520001
2023;BV1;31/08/2023;AllCustomers;IMBU;GBP;20349069.3464001
2023;BV1;30/09/2023;AllCustomers;IMBU;GBP;22402645.1520001
2023;BV1;31/10/2023;AllCustomers;IMBU;GBP;20349069.3464001
2023;BV1;30/11/2023;AllCustomers;IMBU;GBP;22962711.2808001
2023;BV1;31/12/2023;AllCustomers;IMBU;GBP;17362049.9928001
2023;BV1;31/01/2023;AllCustomers;FKBU;FKP;21566713.7128
2023;BV1;28/02/2023;AllCustomers;FKBU;FKP;19335674.3632
2023;BV1;31/03/2023;AllCustomers;FKBU;FKP;22124473.5502
2023;BV1;30/04/2023;AllCustomers;FKBU;FKP;20823033.9296
2023;BV1;31/05/2023;AllCustomers;FKBU;FKP;14129915.8808
2023;BV1;30/06/2023;AllCustomers;FKBU;FKP;13200316.1518
2023;BV1;31/07/2023;AllCustomers;FKBU;FKP;17662394.851
2023;BV1;31/08/2023;AllCustomers;FKBU;FKP;14315835.8266
2023;BV1;30/09/2023;AllCustomers;FKBU;FKP;24169592.954
2023;BV1;31/10/2023;AllCustomers;FKBU;FKP;23797753.0624
2023;BV1;30/11/2023;AllCustomers;FKBU;FKP;23611833.1166
2023;BV1;31/12/2023;AllCustomers;FKBU;FKP;18591994.58
2023;BV1;31/01/2023;AllCustomers;SHBU;SHP;21975782.4568
2023;BV1;28/02/2023;AllCustomers;SHBU;SHP;21615523.728
2023;BV1;31/03/2023;AllCustomers;SHBU;SHP;17472548.3468
2023;BV1;30/04/2023;AllCustomers;SHBU;SHP;18553324.5332
2023;BV1;31/05/2023;AllCustomers;SHBU;SHP;14770607.8808
2023;BV1;30/06/2023;AllCustomers;SHBU;SHP;17292418.9824
2023;BV1;31/07/2023;AllCustomers;SHBU;SHP;16031513.4316
2023;BV1;31/08/2023;AllCustomers;SHBU;SHP;18012936.44
2023;BV1;30/09/2023;AllCustomers;SHBU;SHP;18193065.8044
2023;BV1;31/10/2023;AllCustomers;SHBU;SHP;21435394.3636
2023;BV1;30/11/2023;AllCustomers;SHBU;SHP;19273841.9908
2023;BV1;31/12/2023;AllCustomers;SHBU;SHP;13509702.33
2023;BV1;31/01/2023;AllCustomers;GGBU;GBP;15665284.7823999
2023;BV1;28/02/2023;AllCustomers;GGBU;GBP;18869547.5787999
2023;BV1;31/03/2023;AllCustomers;GGBU;GBP;16021313.9819999
2023;BV1;30/04/2023;AllCustomers;GGBU;GBP;21895795.7753999
2023;BV1;31/05/2023;AllCustomers;GGBU;GBP;12817051.1855999
2023;BV1;30/06/2023;AllCustomers;GGBU;GBP;22963883.3741999
2023;BV1;31/07/2023;AllCustomers;GGBU;GBP;14597197.1835999
2023;BV1;31/08/2023;AllCustomers;GGBU;GBP;22251824.9749999
2023;BV1;30/09/2023;AllCustomers;GGBU;GBP;16021313.9819999
2023;BV1;31/10/2023;AllCustomers;GGBU;GBP;13351094.9849999
2023;BV1;30/11/2023;AllCustomers;GGBU;GBP;15487270.1825999
2023;BV1;31/12/2023;AllCustomers;GGBU;GBP;13529109.5847999
2023;BV1;31/01/2023;AllCustomers;KWBU;KWD;15704179.2960001
2023;BV1;28/02/2023;AllCustomers;KWBU;KWD;14194162.0560001
2023;BV1;31/03/2023;AllCustomers;KWBU;KWD;11476131.0240001
2023;BV1;30/04/2023;AllCustomers;KWBU;KWD;16006182.7440001
2023;BV1;31/05/2023;AllCustomers;KWBU;KWD;12986148.2640001
2023;BV1;30/06/2023;AllCustomers;KWBU;KWD;19479222.3960001
2023;BV1;31/07/2023;AllCustomers;KWBU;KWD;19177218.9480001
2023;BV1;31/08/2023;AllCustomers;KWBU;KWD;18271208.6040001
2023;BV1;30/09/2023;AllCustomers;KWBU;KWD;19479222.3960001
2023;BV1;31/10/2023;AllCustomers;KWBU;KWD;19177218.9480001
2023;BV1;30/11/2023;AllCustomers;KWBU;KWD;16006182.7440001
2023;BV1;31/12/2023;AllCustomers;KWBU;KWD;16308186.1920001